"Date","Price","Open","High","Low","Vol.","Change %"
"28-11-2024","212.32","211.34","214.89","210.10","6.71M","0.56%"
"27-11-2024","211.14","198.20","212.45","196.60","14.02M","6.86%"
"26-11-2024","197.59","197.99","198.68","195.11","3.04M","0.58%"
"25-11-2024","196.45","197.30","201.60","195.25","8.19M","4.74%"
"22-11-2024","187.56","187.74","188.00","182.94","3.45M","0.97%"
"21-11-2024","185.76","189.00","189.99","183.31","3.71M","-1.59%"
"19-11-2024","188.77","186.00","194.27","185.64","5.77M","2.41%"
"18-11-2024","184.33","193.07","194.50","183.50","5.42M","-3.88%"
"14-11-2024","191.78","191.86","196.00","191.10","2.92M","-0.04%"
"13-11-2024","191.86","198.00","199.00","191.18","3.41M","-3.05%"
"12-11-2024","197.90","202.75","204.35","197.00","2.57M","-1.29%"
"11-11-2024","200.49","203.05","204.44","199.32","4.49M","-2.64%"
"08-11-2024","205.93","205.00","208.71","202.45","10.56M","-4.35%"
"07-11-2024","215.29","219.95","221.49","214.21","4.34M","-1.64%"
"06-11-2024","218.89","215.00","219.86","213.60","4.44M","3.18%"
"05-11-2024","212.15","209.83","212.74","206.05","4.28M","1.06%"
"04-11-2024","209.93","220.80","220.87","209.21","4.51M","-4.66%"
"01-11-2024","220.18","219.00","221.00","219.00","1.12M","1.17%"
"31-10-2024","217.64","213.16","219.85","210.70","6.62M","2.10%"
"30-10-2024","213.16","203.95","217.35","202.31","10.51M","4.87%"
"29-10-2024","203.27","202.00","205.20","198.61","3.74M","1.12%"
"28-10-2024","201.01","194.16","203.71","192.80","5.88M","4.07%"
"25-10-2024","193.14","203.00","203.50","191.83","5.78M","-4.54%"
"24-10-2024","202.33","202.50","204.70","199.08","4.03M","0.42%"
"23-10-2024","201.49","200.90","206.35","192.05","6.74M","0.65%"
"22-10-2024","200.18","212.90","212.96","199.20","7.99M","-6.41%"
"21-10-2024","213.89","223.10","223.89","211.60","2.70M","-3.54%"
"18-10-2024","221.74","223.73","223.73","216.20","3.50M","-0.90%"
"17-10-2024","223.75","225.43","231.50","222.35","9.15M","0.11%"
"16-10-2024","223.51","222.00","226.50","221.24","3.56M","0.65%"
"15-10-2024","222.07","223.50","224.70","221.00","2.48M","-0.12%"
"14-10-2024","222.34","226.80","228.20","221.61","3.29M","-1.72%"
"11-10-2024","226.22","220.50","229.40","218.60","6.64M","2.57%"
"10-10-2024","220.56","223.20","223.97","219.50","2.33M","-0.96%"
"09-10-2024","222.69","221.00","226.27","220.60","4.54M","1.95%"
"08-10-2024","218.44","204.50","220.67","202.89","7.77M","5.74%"
"07-10-2024","206.58","217.36","219.99","203.50","7.18M","-4.96%"
"04-10-2024","217.36","219.65","220.80","212.66","4.39M","-0.59%"
"03-10-2024","218.65","219.97","222.72","218.00","4.00M","-2.89%"
"01-10-2024","225.16","228.55","228.80","224.81","2.40M","-1.22%"
"30-09-2024","227.95","226.95","229.10","223.60","3.93M","0.26%"
"27-09-2024","227.35","225.00","230.40","225.00","3.73M","1.13%"
"26-09-2024","224.80","227.00","229.30","222.00","4.63M","-0.64%"
"25-09-2024","226.25","227.50","231.00","224.20","3.49M","-0.51%"
"24-09-2024","227.40","230.10","233.40","226.40","5.65M","-1.58%"
"23-09-2024","231.05","234.15","234.45","229.20","3.85M","-0.67%"
"20-09-2024","232.60","224.90","240.60","222.30","15.43M","4.00%"
"19-09-2024","223.65","228.25","230.80","218.15","7.20M","-1.48%"
"18-09-2024","227.00","232.00","235.95","225.40","5.22M","-2.05%"
"17-09-2024","231.75","240.50","240.60","231.00","4.65M","-3.42%"
"16-09-2024","239.95","245.35","245.35","239.40","2.71M","-2.04%"
"13-09-2024","244.95","240.45","249.35","239.05","5.84M","2.19%"
"12-09-2024","239.70","239.30","240.90","234.60","4.40M","0.67%"
"11-09-2024","238.10","245.35","245.55","237.00","2.82M","-2.54%"
"10-09-2024","244.30","241.40","245.25","241.10","2.44M","1.58%"
"09-09-2024","240.50","245.00","245.00","237.80","5.54M","-2.30%"
"06-09-2024","246.15","252.35","253.45","243.30","5.71M","-2.51%"
"05-09-2024","252.50","256.85","257.40","252.00","3.01M","-1.48%"
"04-09-2024","256.30","253.30","262.00","252.00","4.20M","0.12%"
"03-09-2024","256.00","257.00","259.75","254.15","4.48M","-0.33%"
"02-09-2024","256.85","262.00","263.20","255.50","4.50M","-1.63%"
"30-08-2024","261.10","264.05","265.80","260.00","4.77M","-0.72%"
"29-08-2024","263.00","265.40","266.70","262.00","3.08M","-0.55%"
"28-08-2024","264.45","263.50","266.45","263.15","3.34M","0.42%"
"27-08-2024","263.35","264.60","267.85","262.05","3.75M","-0.47%"
"26-08-2024","264.60","267.00","267.35","263.50","3.40M","-0.38%"
"23-08-2024","265.60","266.30","273.20","264.60","8.13M","0.04%"
"22-08-2024","265.50","266.30","268.00","265.00","2.87M","0.30%"
"21-08-2024","264.70","265.80","268.95","263.35","3.77M","-0.49%"
"20-08-2024","266.00","270.90","270.90","265.60","3.22M","-1.41%"
"19-08-2024","269.80","269.90","273.80","268.50","4.44M","1.12%"
"16-08-2024","266.80","265.80","270.25","264.75","4.70M","1.81%"
"14-08-2024","262.05","268.20","269.15","259.65","5.37M","-2.29%"
"13-08-2024","268.20","273.90","277.00","265.55","7.74M","-1.43%"
"12-08-2024","272.10","264.55","276.60","259.15","19.23M","2.83%"
"09-08-2024","264.60","271.95","274.90","263.55","9.27M","-1.98%"
"08-08-2024","269.95","275.00","283.50","268.20","14.67M","-1.64%"
"07-08-2024","274.45","270.30","276.40","261.55","10.56M","5.13%"
"06-08-2024","261.05","270.35","278.85","259.45","10.15M","-2.41%"
"05-08-2024","267.50","271.00","278.85","265.75","14.49M","-6.47%"
"02-08-2024","286.00","279.25","286.90","278.25","7.32M","-0.40%"
"01-08-2024","287.15","290.00","291.00","283.30","5.84M","-0.55%"
"31-07-2024","288.75","295.45","296.50","288.05","7.12M","-2.17%"
"30-07-2024","295.15","300.60","301.60","292.00","12.19M","-1.32%"
"29-07-2024","299.10","277.40","302.40","277.20","31.43M","8.92%"
"26-07-2024","274.60","282.40","285.50","273.00","15.49M","-2.17%"
"25-07-2024","280.70","290.00","290.85","280.00","13.36M","-4.00%"
"24-07-2024","292.40","294.75","304.95","291.00","17.45M","-0.29%"
"23-07-2024","293.25","321.85","327.95","262.00","49.27M","-8.06%"
"22-07-2024","318.95","316.10","322.80","308.55","14.90M","0.90%"
"19-07-2024","316.10","309.00","329.50","304.65","35.55M","1.05%"
"18-07-2024","312.80","322.50","323.20","307.90","16.20M","-3.40%"
"16-07-2024","323.80","336.30","336.30","322.00","17.70M","-3.47%"
"15-07-2024","335.45","340.20","351.60","333.00","24.12M","-0.40%"
"12-07-2024","336.80","321.50","349.45","319.00","87.66M","5.28%"
"11-07-2024","319.90","321.60","324.70","311.60","20.84M","0.19%"
"10-07-2024","319.30","315.00","326.30","306.50","35.03M","2.14%"
"09-07-2024","312.60","330.05","336.70","303.20","37.09M","-4.39%"
"08-07-2024","326.95","311.90","334.50","310.75","69.69M","6.24%"
"05-07-2024","307.75","288.00","315.80","286.50","116.64M","10.01%"
"04-07-2024","279.75","278.00","284.00","277.05","11.85M","1.25%"
"03-07-2024","276.30","276.60","278.80","273.95","6.45M","0.40%"
"02-07-2024","275.20","271.60","277.65","270.70","9.28M","1.46%"
"01-07-2024","271.25","269.70","274.90","267.70","5.53M","0.59%"
"28-06-2024","269.65","270.00","273.75","267.50","6.59M","0.06%"
"27-06-2024","269.50","271.55","275.45","265.55","7.79M","-0.33%"
"26-06-2024","270.40","272.00","276.00","268.80","7.11M","-0.55%"
"25-06-2024","271.90","280.00","281.70","270.40","8.33M","-2.70%"
"24-06-2024","279.45","276.00","287.55","272.10","15.18M","1.10%"
"21-06-2024","276.40","266.00","285.95","266.00","40.58M","3.52%"
"20-06-2024","267.00","269.15","270.95","264.00","5.47M","-0.30%"
"19-06-2024","267.80","274.00","275.30","263.25","6.97M","-2.24%"
"18-06-2024","273.95","272.00","278.50","271.20","13.29M","1.78%"
"14-06-2024","269.15","269.00","271.75","265.05","7.93M","0.49%"
"13-06-2024","267.85","272.40","273.80","265.20","7.16M","-1.05%"
"12-06-2024","270.70","272.00","272.80","269.00","9.97M","-0.42%"
"11-06-2024","271.85","256.00","275.40","256.00","33.03M","8.03%"
"10-06-2024","251.65","252.85","258.00","249.05","10.05M","0.30%"
"07-06-2024","250.90","250.00","253.90","245.75","10.99M","0.76%"
"06-06-2024","249.00","244.75","268.00","243.60","24.17M","4.51%"
"05-06-2024","238.25","237.30","247.85","213.00","20.92M","0.40%"
"04-06-2024","237.30","286.95","286.95","229.60","34.87M","-17.30%"
"03-06-2024","286.95","298.95","298.95","281.20","21.55M","5.96%"
"31-05-2024","270.80","270.50","275.20","262.15","14.82M","0.11%"
"30-05-2024","270.50","271.50","276.45","268.30","10.75M","-0.68%"
"29-05-2024","272.35","267.00","274.50","263.75","8.55M","0.55%"
"28-05-2024","270.85","277.50","280.50","268.25","8.11M","-2.01%"
"27-05-2024","276.40","273.95","282.30","273.45","12.89M","1.64%"
"24-05-2024","271.95","282.45","282.90","270.00","13.20M","-3.03%"
"23-05-2024","280.45","280.70","292.30","277.55","27.49M","0.50%"
"22-05-2024","279.05","284.90","292.20","273.85","31.01M","-3.69%"
"21-05-2024","289.75","275.85","301.45","272.45","47.42M","5.92%"
"18-05-2024","273.55","273.55","273.55","273.55","","2.41%"
"17-05-2024","267.10","262.20","269.80","259.10","25.16M","2.18%"
"16-05-2024","261.40","244.50","263.50","243.75","37.84M","7.68%"
"15-05-2024","242.75","243.25","244.65","238.80","6.84M","0.17%"
"14-05-2024","242.35","225.60","243.80","225.50","16.36M","7.90%"
"13-05-2024","224.60","229.00","229.00","219.20","4.94M","-1.62%"
"10-05-2024","228.30","227.90","230.30","219.55","6.19M","0.91%"
"09-05-2024","226.25","236.10","238.60","225.00","6.65M","-5.14%"
"08-05-2024","238.50","232.85","239.35","228.65","6.39M","2.19%"
"07-05-2024","233.40","244.80","244.80","232.00","9.07M","-5.06%"
"06-05-2024","245.85","251.00","251.25","243.00","8.37M","-1.44%"
"03-05-2024","249.45","253.00","253.70","242.90","8.32M","-0.78%"
"02-05-2024","251.40","251.70","255.40","246.80","8.28M","0.34%"
"30-04-2024","250.55","256.00","256.40","248.40","11.20M","-1.75%"
"29-04-2024","255.00","258.00","266.90","254.00","28.32M","1.67%"
"26-04-2024","250.80","244.90","253.20","242.60","26.24M","2.87%"
"25-04-2024","243.80","245.00","246.00","240.40","18.89M","0.97%"
"24-04-2024","241.45","230.00","244.85","228.50","30.27M","5.97%"
"23-04-2024","227.85","223.50","229.80","223.10","8.78M","2.47%"
"22-04-2024","222.35","219.70","223.55","219.10","4.62M","2.32%"
"19-04-2024","217.30","217.00","220.00","214.50","6.53M","-1.94%"
"18-04-2024","221.60","222.80","226.45","219.05","6.49M","0.50%"
"16-04-2024","220.50","216.90","223.10","215.55","4.86M","0.82%"
"15-04-2024","218.70","216.20","223.70","212.00","10.46M","-3.34%"
"12-04-2024","226.25","228.40","232.80","225.15","5.71M","-0.77%"
"10-04-2024","228.00","230.95","231.10","226.90","4.08M","-0.89%"
"09-04-2024","230.05","233.80","234.85","228.15","5.62M","-1.08%"
"08-04-2024","232.55","237.70","239.55","231.50","7.35M","-1.23%"
"05-04-2024","235.45","230.95","237.50","227.70","12.66M","1.99%"
"04-04-2024","230.85","233.90","237.40","228.80","8.43M","-0.69%"
"03-04-2024","232.45","231.90","236.25","228.75","7.52M","0.13%"
"02-04-2024","232.15","227.35","235.75","225.75","15.30M","2.18%"
"01-04-2024","227.20","221.70","228.00","220.55","7.62M","3.44%"
"28-03-2024","219.65","224.45","224.95","213.50","8.71M","-1.28%"
"27-03-2024","222.50","227.20","228.45","221.05","7.88M","-1.31%"
"26-03-2024","225.45","220.00","228.00","217.10","17.12M","2.87%"
"22-03-2024","219.15","217.65","223.45","215.00","9.34M","1.43%"
"21-03-2024","216.05","213.80","218.40","213.55","7.38M","2.73%"
"20-03-2024","210.30","216.00","218.20","209.00","8.50M","-2.09%"
"19-03-2024","214.80","215.85","217.70","212.85","6.83M","-0.83%"
"18-03-2024","216.60","222.00","223.60","215.45","13.84M","-0.09%"
"15-03-2024","216.80","206.90","219.10","200.15","31.16M","3.98%"
"14-03-2024","208.50","179.10","213.65","175.25","38.70M","12.58%"
"13-03-2024","185.20","207.10","210.90","181.10","22.21M","-10.77%"
"12-03-2024","207.55","219.00","219.00","206.10","10.44M","-5.21%"
"11-03-2024","218.95","224.55","227.30","217.15","6.59M","-2.08%"
"07-03-2024","223.60","220.00","226.90","219.75","6.07M","1.80%"
"06-03-2024","219.65","224.40","224.45","217.05","6.41M","-2.12%"
"05-03-2024","224.40","224.50","230.25","222.40","5.24M","-0.40%"
"04-03-2024","225.30","229.40","229.45","224.35","4.45M","-1.40%"
"02-03-2024","228.50","227.50","229.90","226.05","1.04M","0.44%"
"01-03-2024","227.50","230.20","231.45","226.60","4.53M","-0.72%"
"29-02-2024","229.15","223.00","230.35","217.60","13.73M","2.53%"
"28-02-2024","223.50","232.85","233.40","217.85","12.20M","-3.48%"
"27-02-2024","231.55","233.00","238.65","230.55","16.54M","-0.15%"
"26-02-2024","231.90","230.70","237.45","228.05","15.86M","1.38%"
"23-02-2024","228.75","227.55","234.45","227.35","10.82M","1.35%"
"22-02-2024","225.70","229.00","230.40","220.15","9.94M","-0.99%"
"21-02-2024","227.95","231.05","233.45","225.50","10.79M","-1.13%"
"20-02-2024","230.55","232.40","233.25","227.80","9.53M","-0.35%"
"19-02-2024","231.35","226.75","240.20","226.25","24.44M","2.50%"
"16-02-2024","225.70","232.40","232.40","223.50","12.93M","-2.67%"
"15-02-2024","231.90","223.40","234.00","222.10","19.83M","4.15%"
"14-02-2024","222.65","207.40","224.35","203.40","22.36M","5.57%"
"13-02-2024","210.90","196.75","213.45","191.80","40.73M","8.57%"
"12-02-2024","194.25","223.00","224.60","190.35","29.23M","-12.64%"
"09-02-2024","222.35","232.00","234.90","216.80","19.75M","-2.71%"
"08-02-2024","228.55","231.25","235.70","227.55","10.96M","-0.65%"
"07-02-2024","230.05","233.90","235.40","227.65","10.61M","-0.75%"
"06-02-2024","231.80","223.60","234.90","214.75","23.41M","3.67%"
"05-02-2024","223.60","233.55","233.70","222.00","16.34M","-3.83%"
"02-02-2024","232.50","231.10","239.45","226.55","26.43M","1.71%"
"01-02-2024","228.60","239.75","245.10","227.00","43.61M","-3.69%"
"31-01-2024","237.35","235.80","241.50","229.55","31.09M","1.13%"
"30-01-2024","234.70","245.70","248.00","227.20","32.50M","-3.89%"
"29-01-2024","244.20","251.05","254.70","242.50","24.47M","-1.23%"
"25-01-2024","247.25","243.55","252.30","241.35","39.97M","2.49%"
"24-01-2024","241.25","232.30","247.00","215.15","62.50M","5.05%"
"23-01-2024","229.65","275.05","280.85","225.00","116.93M","-13.34%"
"20-01-2024","265.00","231.00","270.00","227.80","151.41M","16.33%"
"19-01-2024","227.80","204.70","230.85","204.65","104.58M","11.64%"
"18-01-2024","204.05","209.50","211.70","192.95","34.55M","-2.06%"
"17-01-2024","208.35","202.90","212.95","199.90","42.53M","1.46%"
"16-01-2024","205.35","204.20","212.00","201.50","46.82M","1.43%"
"15-01-2024","202.45","196.45","209.70","195.55","65.42M","3.79%"
"12-01-2024","195.05","195.70","199.40","193.30","16.35M","0.15%"
"11-01-2024","194.75","195.05","198.90","193.25","31.30M","0.99%"
"10-01-2024","192.85","181.40","196.00","178.80","46.48M","6.31%"
"09-01-2024","181.40","180.70","185.40","179.40","14.32M","1.06%"
"08-01-2024","179.50","185.00","185.00","178.90","12.95M","-2.53%"
"05-01-2024","184.15","186.50","187.65","181.10","11.88M","-0.94%"
"04-01-2024","185.90","188.90","190.85","184.25","24.31M","-0.64%"
"03-01-2024","187.10","175.00","189.70","172.75","86.31M","7.34%"
"02-01-2024","174.30","175.75","177.70","169.80","13.41M","-0.14%"
"01-01-2024","174.55","172.20","176.00","171.80","17.63M","1.84%"
"29-12-2023","171.40","169.90","173.90","167.75","19.66M","1.30%"
"28-12-2023","169.20","170.00","172.00","168.30","8.79M","0.12%"
"27-12-2023","169.00","172.05","174.60","166.90","12.19M","-1.29%"
"26-12-2023","171.20","167.20","173.00","165.70","16.63M","2.76%"
"22-12-2023","166.60","168.75","168.75","164.15","9.73M","-0.45%"
"21-12-2023","167.35","160.40","168.10","158.50","21.79M","2.73%"
"20-12-2023","162.90","177.95","178.85","161.80","24.28M","-7.86%"
"19-12-2023","176.80","180.00","181.60","175.65","29.60M","-0.65%"
"18-12-2023","177.95","172.00","178.45","170.00","32.04M","3.52%"
"15-12-2023","171.90","175.00","178.00","171.20","33.04M","-0.09%"
"14-12-2023","172.05","162.40","174.60","161.55","75.34M","6.96%"
"13-12-2023","160.85","163.00","163.50","159.85","12.56M","-0.83%"
"12-12-2023","162.20","164.35","165.80","161.25","17.09M","-0.67%"
"11-12-2023","163.30","161.00","164.45","160.80","30.68M","1.65%"
"08-12-2023","160.65","161.50","163.40","159.25","44.17M","-0.06%"
"07-12-2023","160.75","158.00","162.95","157.55","68.65M","-6.51%"
"06-12-2023","171.95","173.95","174.00","170.30","8.15M","-0.78%"
"05-12-2023","173.30","176.50","176.75","171.15","7.86M","-1.48%"
"04-12-2023","175.90","179.00","180.00","172.80","19.80M","3.29%"
"01-12-2023","170.30","167.50","176.75","167.50","24.73M","2.84%"
"30-11-2023","165.60","166.50","169.00","159.55","13.98M","-0.36%"
"29-11-2023","166.20","169.00","170.20","165.40","7.60M","-1.10%"
"28-11-2023","168.05","166.95","172.00","165.30","19.50M","1.23%"
"24-11-2023","166.00","166.00","168.60","164.15","9.84M","0.30%"
"23-11-2023","165.50","166.70","168.90","164.65","9.41M","-0.45%"
"22-11-2023","166.25","166.40","168.60","161.50","11.17M","0.36%"
"21-11-2023","165.65","165.65","171.25","163.75","20.83M","0.55%"
"20-11-2023","164.75","170.00","172.50","163.30","18.87M","-1.70%"
"17-11-2023","167.60","154.65","169.65","154.05","47.76M","8.37%"
"16-11-2023","154.65","158.60","159.20","154.00","5.34M","-2.21%"
"15-11-2023","158.15","160.50","161.10","157.55","8.69M","-0.19%"
"13-11-2023","158.45","153.00","159.80","152.80","18.23M","3.09%"
"12-11-2023","153.70","155.00","155.45","153.05","1.85M","0.13%"
"10-11-2023","153.50","154.50","156.65","151.70","8.66M","0.10%"
"09-11-2023","153.35","155.60","157.40","150.40","15.44M","-0.84%"
"08-11-2023","154.65","153.30","157.30","153.30","14.08M","1.41%"
"07-11-2023","152.50","146.50","154.85","145.50","16.37M","4.42%"
"06-11-2023","146.05","144.40","148.95","143.50","11.35M","2.60%"
"03-11-2023","142.35","139.90","144.60","138.40","14.14M","2.63%"
"02-11-2023","138.70","139.80","141.90","138.25","6.02M","0.69%"
"01-11-2023","137.75","139.65","140.15","137.05","5.01M","-0.72%"
"31-10-2023","138.75","139.70","143.30","138.10","8.76M","0.11%"
"30-10-2023","138.60","141.15","141.50","136.70","8.86M","-1.60%"
"27-10-2023","140.85","141.50","143.80","138.05","16.33M","0.57%"
"26-10-2023","140.05","134.95","142.95","127.25","27.77M","2.83%"
"25-10-2023","136.20","145.85","148.75","132.65","22.87M","-4.69%"
"23-10-2023","142.90","155.35","156.10","140.65","16.28M","-7.54%"
"20-10-2023","154.55","154.60","163.45","153.25","25.61M","0.42%"
"19-10-2023","153.90","154.80","158.30","152.10","12.14M","-1.72%"
"18-10-2023","156.60","160.90","162.40","155.25","19.72M","-2.16%"
"17-10-2023","160.05","148.00","163.90","146.15","79.80M","8.99%"
"16-10-2023","146.85","150.90","152.70","145.80","13.43M","-1.87%"
"13-10-2023","149.65","138.50","154.60","138.15","60.43M","10.12%"
"12-10-2023","135.90","137.65","137.65","135.30","3.86M","-0.77%"
"11-10-2023","136.95","138.45","140.60","136.40","4.96M","-0.36%"
"10-10-2023","137.45","134.00","139.60","134.00","8.42M","3.42%"
"09-10-2023","132.90","137.95","137.95","131.60","9.43M","-6.11%"
"06-10-2023","141.55","142.50","144.35","140.65","5.60M","-0.32%"
"05-10-2023","142.00","142.90","143.60","140.85","5.00M","-0.14%"
"04-10-2023","142.20","146.00","146.15","140.40","6.59M","-2.74%"
"03-10-2023","146.20","145.00","147.20","144.20","8.42M","0.93%"
"29-09-2023","144.85","141.65","147.25","140.50","9.91M","2.80%"
"28-09-2023","140.90","142.95","143.70","140.50","5.62M","-1.16%"
"27-09-2023","142.55","141.45","144.00","141.05","6.96M","1.03%"
"26-09-2023","141.10","143.50","144.10","140.65","7.21M","-1.64%"
"25-09-2023","143.45","142.95","147.35","139.50","23.29M","1.41%"
"22-09-2023","141.45","135.90","143.15","132.65","16.87M","4.08%"
"21-09-2023","135.90","140.00","140.80","134.85","8.96M","-2.62%"
"20-09-2023","139.55","142.65","146.60","138.20","10.84M","-2.48%"
"18-09-2023","143.10","146.45","147.45","142.50","9.17M","-1.92%"
"15-09-2023","145.90","151.65","152.15","145.00","15.67M","-3.22%"
"14-09-2023","150.75","149.90","153.30","148.35","18.41M","2.55%"
"13-09-2023","147.00","146.90","155.40","137.55","45.70M","-2.62%"
"12-09-2023","150.95","170.00","174.45","144.20","92.14M","-5.86%"
"11-09-2023","160.35","143.00","160.35","141.00","94.33M","19.98%"
"08-09-2023","133.65","123.55","135.20","122.80","45.60M","8.84%"
"07-09-2023","122.80","121.40","126.00","121.15","14.88M","1.19%"
"06-09-2023","121.35","126.80","126.80","120.60","14.55M","-3.92%"
"05-09-2023","126.30","128.70","131.90","123.30","29.79M","-1.21%"
"04-09-2023","127.85","120.00","135.65","120.00","86.19M","7.71%"
"01-09-2023","118.70","114.60","119.80","112.25","29.29M","4.12%"
"31-08-2023","114.00","114.55","117.50","112.30","15.42M","0.18%"
"30-08-2023","113.80","113.90","116.20","112.10","13.59M","0.84%"
"29-08-2023","112.85","110.50","115.00","110.35","19.32M","3.11%"
"28-08-2023","109.45","108.50","111.70","107.55","12.51M","1.67%"
"25-08-2023","107.65","109.65","111.80","107.20","9.14M","-2.54%"
"24-08-2023","110.45","110.40","114.40","109.80","15.35M","0.82%"
"23-08-2023","109.55","110.60","111.85","109.00","9.21M","-0.45%"
"22-08-2023","110.05","109.50","113.60","108.80","22.82M","1.29%"
"21-08-2023","108.65","100.80","109.80","100.55","34.71M","8.38%"
"18-08-2023","100.25","103.05","103.15","99.00","7.02M","-2.86%"
"17-08-2023","103.20","104.90","106.70","102.10","8.65M","-0.43%"
"16-08-2023","103.65","103.00","105.60","101.15","13.59M","0.44%"
"14-08-2023","103.20","103.90","103.95","98.30","11.68M","-0.05%"
"11-08-2023","103.25","106.50","106.95","102.00","10.93M","-2.50%"
"10-08-2023","105.90","106.95","110.20","104.00","17.53M","-0.52%"
"09-08-2023","106.45","100.65","110.20","100.30","52.75M","6.82%"
"08-08-2023","99.65","102.45","102.50","98.85","19.81M","-2.11%"
"07-08-2023","101.80","96.45","103.70","96.05","32.26M","6.21%"
"04-08-2023","95.85","96.75","98.00","95.25","7.85M","-0.52%"
"03-08-2023","96.35","94.00","97.50","93.60","14.66M","1.85%"
"02-08-2023","94.60","97.95","98.25","93.40","24.58M","-3.91%"
"01-08-2023","98.45","98.10","101.25","96.60","35.60M","1.18%"
"31-07-2023","97.30","93.75","97.85","93.05","14.07M","4.51%"
"28-07-2023","93.10","95.70","95.75","91.85","11.72M","-2.15%"
"27-07-2023","95.15","97.60","99.00","94.50","19.34M","-1.70%"
"26-07-2023","96.80","91.85","97.95","91.65","25.69M","6.32%"
"25-07-2023","91.05","93.80","93.90","90.20","14.45M","-1.89%"
"24-07-2023","92.80","94.05","96.70","91.65","24.26M","-0.38%"
"21-07-2023","93.15","89.00","95.15","88.45","60.84M","5.08%"
"20-07-2023","88.65","86.35","89.90","86.00","25.70M","2.90%"
"19-07-2023","86.15","86.80","87.95","85.55","12.29M","-0.40%"
"18-07-2023","86.50","84.30","88.80","83.75","36.93M","3.41%"
"17-07-2023","83.65","81.00","84.10","80.90","13.94M","4.11%"
"14-07-2023","80.35","79.80","80.85","79.60","4.61M","1.26%"
"13-07-2023","79.35","81.95","82.40","79.00","5.77M","-2.76%"
"12-07-2023","81.60","82.05","83.60","81.30","7.92M","-0.31%"
"11-07-2023","81.85","82.50","82.65","81.50","3.86M","-0.61%"
"10-07-2023","82.35","82.50","83.40","82.10","4.04M","0.37%"
"07-07-2023","82.05","83.00","83.70","81.60","6.28M","-1.44%"
"06-07-2023","83.25","83.45","84.15","83.10","4.77M","-0.48%"
"05-07-2023","83.65","83.40","84.70","82.60","7.56M","0.48%"
"04-07-2023","83.25","84.00","84.10","82.50","4.76M","-0.36%"
"03-07-2023","83.55","83.95","84.55","83.20","4.80M","0.06%"
"30-06-2023","83.50","84.50","84.50","83.30","4.51M","-0.24%"
"28-06-2023","83.70","84.55","84.95","83.10","6.28M","-0.65%"
"27-06-2023","84.25","83.60","85.20","83.30","7.52M","1.32%"
"26-06-2023","83.15","83.10","84.25","82.35","7.29M","0.54%"
"23-06-2023","82.70","84.70","84.70","81.85","8.65M","-2.30%"
"22-06-2023","84.65","86.10","86.30","83.30","10.95M","-1.34%"
"21-06-2023","85.80","87.50","91.70","84.80","32.68M","-1.15%"
"20-06-2023","86.80","83.35","87.30","81.70","21.12M","3.15%"
"19-06-2023","84.15","83.55","86.95","83.40","17.63M","1.26%"
"16-06-2023","83.10","81.75","84.20","81.65","10.53M","2.15%"
"15-06-2023","81.35","82.90","83.30","80.90","8.43M","-1.87%"
"14-06-2023","82.90","82.25","84.15","82.05","8.13M","1.34%"
"13-06-2023","81.80","84.20","84.40","81.35","10.41M","-2.39%"
"12-06-2023","83.80","83.70","84.60","82.85","9.07M","0.60%"
"09-06-2023","83.30","84.45","84.90","82.40","12.45M","-1.01%"
"08-06-2023","84.15","87.10","88.20","83.50","18.64M","-3.00%"
"07-06-2023","86.75","83.10","88.70","83.10","52.41M","5.09%"
"06-06-2023","82.55","80.25","82.95","80.10","17.71M","3.12%"
"05-06-2023","80.05","80.80","81.40","79.75","10.45M","-0.99%"
"02-06-2023","80.85","83.00","83.70","80.40","12.19M","-2.30%"
"01-06-2023","82.75","81.15","84.25","80.85","21.32M","1.97%"
"31-05-2023","81.15","80.40","82.25","78.50","20.47M","1.50%"
"30-05-2023","79.95","82.95","83.65","79.30","18.21M","-5.05%"
"29-05-2023","84.20","81.50","84.95","81.45","24.14M","3.50%"
"26-05-2023","81.35","80.50","83.70","80.15","17.89M","1.12%"
"25-05-2023","80.45","80.60","81.80","79.20","13.94M","0.37%"
"24-05-2023","80.15","79.80","82.15","78.45","14.69M","0.38%"
"23-05-2023","79.85","82.00","82.50","79.55","10.06M","-2.44%"
"22-05-2023","81.85","78.45","82.45","77.45","19.51M","4.53%"
"19-05-2023","78.30","80.45","80.80","77.60","9.23M","-2.25%"
"18-05-2023","80.10","81.25","82.15","79.00","11.85M","-0.87%"
"17-05-2023","80.80","78.90","82.70","78.65","25.60M","2.80%"
"16-05-2023","78.60","78.90","81.90","78.25","15.19M","0.13%"
"15-05-2023","78.50","80.00","80.70","77.35","14.72M","-0.95%"
"12-05-2023","79.25","82.75","83.15","78.75","18.41M","-3.71%"
"11-05-2023","82.30","80.00","85.20","79.90","48.60M","4.38%"
"10-05-2023","78.85","77.65","81.45","76.40","29.28M","1.55%"
"09-05-2023","77.65","84.50","85.20","77.10","29.00M","-7.61%"
"08-05-2023","84.05","86.95","87.95","83.60","22.43M","-3.34%"
"05-05-2023","86.95","82.80","88.80","82.55","51.50M","5.46%"
"04-05-2023","82.45","84.85","87.00","81.70","42.69M","-2.19%"
"03-05-2023","84.30","85.95","89.50","83.25","100.25M","-2.32%"
"02-05-2023","86.30","75.00","87.95","74.90","98.68M","16.15%"
"28-04-2023","74.30","74.00","75.45","73.15","22.76M","2.34%"
"27-04-2023","72.60","70.40","78.30","69.30","77.07M","3.79%"
"26-04-2023","69.95","70.65","74.75","68.80","47.93M","0.14%"
"25-04-2023","69.85","68.45","70.75","67.10","45.51M","3.10%"
"24-04-2023","67.75","65.00","69.65","64.05","49.18M","7.28%"
"21-04-2023","63.15","63.00","64.60","62.30","9.37M","0.80%"
"20-04-2023","62.65","61.95","63.80","61.65","9.35M","1.62%"
"19-04-2023","61.65","61.60","62.50","61.20","7.37M","0.82%"
"18-04-2023","61.15","58.10","61.50","57.60","14.05M","6.44%"
"17-04-2023","57.45","58.60","58.65","57.25","1.74M","-1.96%"
"13-04-2023","58.60","58.20","59.75","57.80","3.98M","0.69%"
"12-04-2023","58.20","57.55","58.70","56.95","3.68M","1.48%"
"11-04-2023","57.35","57.95","58.25","57.05","1.66M","-1.04%"
"10-04-2023","57.95","58.90","58.90","57.60","2.08M","-1.11%"
"06-04-2023","58.60","56.75","59.00","56.60","4.57M","2.81%"
"05-04-2023","57.00","58.00","58.25","56.05","3.10M","-1.89%"
"03-04-2023","58.10","56.05","58.45","55.80","6.09M","3.75%"
"31-03-2023","56.00","54.00","56.45","53.85","5.02M","4.67%"
"29-03-2023","53.50","52.00","54.00","52.00","3.05M","0.94%"
"28-03-2023","53.00","52.90","53.80","52.60","2.20M","0.19%"
"27-03-2023","52.90","53.00","53.65","52.60","2.16M","-0.47%"
"24-03-2023","53.15","54.00","54.75","52.90","2.71M","-1.85%"
"23-03-2023","54.15","54.15","54.65","53.65","2.69M","-0.18%"
"22-03-2023","54.25","54.25","54.75","54.05","1.63M","-0.37%"
"21-03-2023","54.45","53.75","54.65","52.50","2.29M","1.59%"
"20-03-2023","53.60","53.55","54.45","52.80","2.58M","-0.92%"
"17-03-2023","54.10","54.55","55.00","53.50","1.73M","-0.28%"
"16-03-2023","54.25","52.75","54.65","51.65","3.75M","2.46%"
"15-03-2023","52.95","53.20","53.75","52.50","1.65M","0.19%"
"14-03-2023","52.85","51.50","53.50","51.50","3.82M","1.83%"
"13-03-2023","51.90","54.20","54.50","51.55","2.89M","-4.07%"
"10-03-2023","54.10","54.20","54.70","53.10","3.45M","-1.28%"
"09-03-2023","54.80","55.25","56.35","54.55","4.49M","-0.72%"
"08-03-2023","55.20","54.40","55.50","53.45","2.73M","0.91%"
"06-03-2023","54.70","53.05","55.15","52.50","5.12M","3.70%"
"03-03-2023","52.75","53.60","53.70","52.60","3.52M","-0.66%"
"02-03-2023","53.10","53.65","55.70","52.85","8.57M","-0.65%"
"01-03-2023","53.45","51.70","53.95","51.70","3.58M","3.38%"
"28-02-2023","51.70","51.50","52.30","51.35","1.71M","-0.58%"
"27-02-2023","52.00","52.15","52.35","50.10","3.11M","-0.38%"
"24-02-2023","52.20","52.50","53.55","52.00","1.81M","-0.38%"
"23-02-2023","52.40","51.95","52.95","50.80","3.90M","1.16%"
"22-02-2023","51.80","51.20","53.10","51.15","4.11M","-0.29%"
"21-02-2023","51.95","53.20","53.45","51.85","2.59M","-2.35%"
"20-02-2023","53.20","54.60","54.80","53.05","2.15M","-2.56%"
"17-02-2023","54.60","54.70","55.30","54.25","3.09M","-3.36%"
"16-02-2023","56.50","56.35","56.80","56.10","2.54M","0.71%"
"15-02-2023","56.10","55.25","56.85","55.00","4.38M","1.17%"
"14-02-2023","55.45","53.75","55.85","53.55","6.03M","3.74%"
"13-02-2023","53.45","55.20","55.75","52.70","5.22M","-3.08%"
"10-02-2023","55.15","55.50","56.30","54.85","4.02M","-0.45%"
"09-02-2023","55.40","58.70","58.80","55.05","10.11M","-4.07%"
"08-02-2023","57.75","56.75","58.80","56.05","3.74M","1.76%"
"07-02-2023","56.75","57.40","57.85","56.40","2.58M","-0.53%"
"06-02-2023","57.05","57.15","58.00","56.80","2.54M","-0.26%"
"03-02-2023","57.20","58.70","58.80","55.65","3.92M","-1.97%"
"02-02-2023","58.35","57.50","60.15","57.15","3.50M","1.13%"
"01-02-2023","57.70","61.80","62.40","56.30","13.39M","-4.31%"
"31-01-2023","60.30","58.30","60.60","57.90","6.55M","4.24%"
"30-01-2023","57.85","56.70","58.70","56.40","5.12M","2.30%"
"27-01-2023","56.55","58.10","58.95","54.20","6.42M","-2.84%"
"25-01-2023","58.20","60.20","60.50","57.00","8.09M","-3.24%"
"24-01-2023","60.15","60.55","60.95","59.60","3.50M","0.00%"
"23-01-2023","60.15","61.20","62.10","59.85","6.17M","-1.15%"
"20-01-2023","60.85","60.60","62.35","60.50","4.98M","0.50%"
"19-01-2023","60.55","61.20","62.10","60.20","4.49M","-1.70%"
"18-01-2023","61.60","61.15","62.80","60.80","6.89M","1.32%"
"17-01-2023","60.80","62.10","62.10","60.25","4.01M","-1.70%"
"16-01-2023","61.85","63.20","63.45","61.50","8.03M","-1.90%"
"13-01-2023","63.05","60.10","64.20","59.95","22.67M","5.17%"
"12-01-2023","59.95","59.00","60.60","58.75","9.11M","1.87%"
"11-01-2023","58.85","60.15","60.15","58.55","5.86M","-1.67%"
"10-01-2023","59.85","61.55","61.65","59.30","5.11M","-2.21%"
"09-01-2023","61.20","59.05","61.95","58.80","10.32M","4.44%"
"06-01-2023","58.60","60.25","60.45","58.25","4.75M","-2.41%"
"05-01-2023","60.05","61.30","61.30","59.15","6.75M","-1.40%"
"04-01-2023","60.90","61.10","63.15","60.15","13.86M","0.25%"
"03-01-2023","60.75","59.80","61.90","59.60","10.17M","1.93%"
"02-01-2023","59.60","60.00","60.75","58.75","6.37M","-0.25%"
"30-12-2022","59.75","60.70","61.15","59.50","6.98M","-0.75%"
"29-12-2022","60.20","59.00","61.90","57.80","18.71M","2.03%"
"28-12-2022","59.00","54.90","60.15","53.90","29.36M","8.26%"
"27-12-2022","54.50","54.35","55.40","53.35","7.43M","1.30%"
"26-12-2022","53.80","49.95","55.00","48.95","12.02M","8.69%"
"23-12-2022","49.50","55.40","55.60","48.75","13.78M","-11.92%"
"22-12-2022","56.20","58.95","59.70","55.55","10.10M","-3.77%"
"21-12-2022","58.40","65.40","65.40","57.60","16.70M","-9.95%"
"20-12-2022","64.85","62.80","65.25","61.45","13.44M","3.10%"
"19-12-2022","62.90","61.60","63.40","60.25","6.85M","2.86%"
"16-12-2022","61.15","61.90","62.50","59.20","10.64M","-1.85%"
"15-12-2022","62.30","64.95","64.95","61.85","6.68M","-4.37%"
"14-12-2022","65.15","65.25","66.25","64.20","9.31M","0.77%"
"13-12-2022","64.65","63.35","65.10","62.95","10.64M","2.54%"
"12-12-2022","63.05","61.45","63.60","59.85","11.83M","2.69%"
"09-12-2022","61.40","63.25","63.70","59.80","12.61M","-3.31%"
"08-12-2022","63.50","65.30","65.40","63.00","8.25M","-2.16%"
"07-12-2022","64.90","65.80","66.75","64.10","23.23M","0.15%"
"06-12-2022","64.80","62.10","65.45","61.25","22.31M","4.35%"
"05-12-2022","62.10","64.00","64.15","61.60","9.52M","-1.82%"
"02-12-2022","63.25","62.50","64.50","61.45","24.20M","1.36%"
"01-12-2022","62.40","59.05","62.85","58.80","19.11M","6.48%"
"30-11-2022","58.60","60.25","60.75","57.80","11.27M","-2.17%"
"29-11-2022","59.90","61.70","64.65","58.50","34.04M","-2.92%"
"28-11-2022","61.70","61.40","63.95","60.60","29.64M","0.98%"
"25-11-2022","61.10","59.80","61.85","58.70","17.44M","2.86%"
"24-11-2022","59.40","61.90","63.65","59.00","31.52M","-3.49%"
"23-11-2022","61.55","57.30","62.20","57.20","27.62M","8.27%"
"22-11-2022","56.85","59.50","59.65","56.10","9.14M","-5.09%"
"21-11-2022","59.90","58.20","60.75","57.75","20.46M","3.01%"
"18-11-2022","58.15","56.40","59.20","55.95","15.98M","3.19%"
"17-11-2022","56.35","58.55","59.40","55.30","22.73M","-2.17%"
"16-11-2022","57.60","56.00","62.00","55.90","48.75M","3.41%"
"15-11-2022","55.70","54.00","56.20","53.60","21.19M","4.31%"
"14-11-2022","53.40","52.50","54.25","50.85","29.43M","7.01%"
"11-11-2022","49.90","49.00","50.20","48.25","5.84M","3.42%"
"10-11-2022","48.25","51.55","51.55","47.75","6.56M","-6.49%"
"09-11-2022","51.60","50.30","52.40","49.90","15.10M","3.30%"
"07-11-2022","49.95","49.10","51.50","48.80","20.94M","2.88%"
"04-11-2022","48.55","48.00","49.65","48.00","9.65M","1.89%"
"03-11-2022","47.65","45.40","48.00","45.25","14.41M","4.15%"
"02-11-2022","45.75","44.05","46.00","43.75","4.62M","3.74%"
"01-11-2022","44.10","44.50","45.25","43.90","2.78M","-0.34%"
"31-10-2022","44.25","44.10","45.00","43.75","2.31M","0.91%"
"28-10-2022","43.85","44.55","45.45","43.55","3.15M","-1.57%"
"27-10-2022","44.55","43.70","45.00","42.50","4.27M","3.73%"
"25-10-2022","42.95","42.70","44.95","42.10","4.63M","0.94%"
"24-10-2022","42.55","41.30","42.90","41.05","1.62M","4.16%"
"21-10-2022","40.85","40.65","41.45","40.60","1.22M","0.74%"
"20-10-2022","40.55","41.60","41.80","40.35","4.76M","-2.76%"
"19-10-2022","41.70","42.45","42.55","41.55","935.22K","-1.30%"
"18-10-2022","42.25","42.45","42.90","42.10","1.06M","-0.35%"
"17-10-2022","42.40","42.20","42.95","41.80","994.94K","0.00%"
"14-10-2022","42.40","43.10","43.80","42.20","1.37M","-0.82%"
"13-10-2022","42.75","42.85","43.30","42.00","1.55M","-0.70%"
"12-10-2022","43.05","42.95","43.25","42.10","1.59M","0.94%"
"11-10-2022","42.65","44.85","44.95","42.30","3.06M","-3.72%"
"10-10-2022","44.30","41.60","45.05","41.50","10.49M","5.35%"
"07-10-2022","42.05","41.80","43.45","41.60","3.14M","0.36%"
"06-10-2022","41.90","40.80","42.20","40.65","2.62M","3.33%"
"04-10-2022","40.55","41.50","41.55","40.40","1.05M","-0.61%"
"03-10-2022","40.80","39.25","41.50","39.20","2.18M","3.29%"
"30-09-2022","39.50","39.30","39.75","39.30","760.66K","0.51%"
"29-09-2022","39.30","39.35","40.00","39.15","1.13M","0.64%"
"28-09-2022","39.05","39.30","39.45","39.00","649.57K","-1.64%"
"27-09-2022","39.70","39.45","40.00","39.35","772.02K","1.53%"
"26-09-2022","39.10","39.55","39.65","38.60","1.14M","-1.76%"
"23-09-2022","39.80","40.30","40.45","39.70","840.13K","-1.49%"
"22-09-2022","40.40","40.70","41.10","40.20","1.06M","-0.98%"
"21-09-2022","40.80","42.10","42.10","40.60","1.46M","-1.81%"
"20-09-2022","41.55","42.65","42.75","41.30","4.53M","2.72%"
"19-09-2022","40.45","40.55","40.85","40.25","997.63K","-0.12%"
"16-09-2022","40.50","42.65","42.70","40.10","2.09M","-4.26%"
"15-09-2022","42.30","41.10","43.40","40.40","4.56M","3.17%"
"14-09-2022","41.00","41.00","41.50","40.70","1.12M","-0.49%"
"13-09-2022","41.20","41.65","41.65","41.00","1.19M","-0.36%"
"12-09-2022","41.35","41.95","42.30","41.25","1.47M","-0.96%"
"09-09-2022","41.75","42.10","42.20","41.50","1.20M","-0.36%"
"08-09-2022","41.90","42.10","42.40","41.85","879.62K","-0.95%"
"07-09-2022","42.30","42.30","42.50","42.00","963.90K","-0.47%"
"06-09-2022","42.50","42.85","42.85","42.15","900.07K","-0.23%"
"05-09-2022","42.60","43.45","43.50","42.40","1.08M","-1.05%"
"02-09-2022","43.05","42.00","43.45","41.65","3.81M","3.11%"
"01-09-2022","41.75","40.70","41.95","40.60","1.57M","2.20%"
"30-08-2022","40.85","40.75","41.25","40.50","1.19M","0.74%"
"29-08-2022","40.55","39.90","40.80","39.45","1.35M","0.62%"
"26-08-2022","40.30","40.20","40.75","40.10","691.14K","0.62%"
"25-08-2022","40.05","40.05","40.95","39.90","971.98K","0.25%"
"24-08-2022","39.95","39.80","40.10","39.70","333.62K","0.38%"
"23-08-2022","39.80","39.50","39.95","39.35","450.06K","-0.38%"
"22-08-2022","39.95","40.40","40.45","39.85","545.42K","-0.62%"
"19-08-2022","40.20","41.05","41.30","40.00","1.22M","-2.19%"
"18-08-2022","41.10","41.40","41.40","40.80","1.29M","-0.12%"
"17-08-2022","41.15","40.70","41.45","40.50","1.67M","1.48%"
"16-08-2022","40.55","41.00","41.00","40.40","731.58K","-0.49%"
"12-08-2022","40.75","39.50","41.75","39.30","3.93M","3.56%"
"11-08-2022","39.35","39.50","39.70","39.20","596.19K","1.03%"
"10-08-2022","38.95","40.05","40.60","38.75","2.15M","-1.14%"
"08-08-2022","39.40","39.25","39.55","39.25","639.59K","0.38%"
"05-08-2022","39.25","39.65","39.70","39.15","787.94K","-0.51%"
"04-08-2022","39.45","40.10","40.30","39.15","871.11K","-1.13%"
"03-08-2022","39.90","39.25","40.40","38.90","2.11M","2.31%"
"02-08-2022","39.00","38.15","39.20","37.85","1.58M","2.77%"
"01-08-2022","37.95","37.60","38.25","37.55","1.09M","0.93%"
"29-07-2022","37.60","37.80","37.85","37.50","548.13K","0.53%"
"28-07-2022","37.40","37.75","37.75","37.20","681.66K","0.27%"
"27-07-2022","37.30","37.30","37.35","37.05","322.21K","0.00%"
"26-07-2022","37.30","37.55","37.80","37.20","389.71K","-1.06%"
"25-07-2022","37.70","37.95","38.20","37.70","257.85K","-0.66%"
"22-07-2022","37.95","37.95","38.10","37.80","313.45K","0.40%"
"21-07-2022","37.80","37.95","37.95","37.70","250.82K","0.13%"
"20-07-2022","37.75","37.30","37.90","37.20","515.59K","1.34%"
"19-07-2022","37.25","37.25","37.30","37.00","299.57K","0.68%"
"18-07-2022","37.00","37.10","37.25","36.95","277.02K","0.14%"
"15-07-2022","36.95","37.15","37.30","36.80","184.16K","-0.54%"
"14-07-2022","37.15","37.50","37.55","37.00","251.52K","-0.67%"
"13-07-2022","37.40","37.25","37.75","37.25","422.64K","0.00%"
"12-07-2022","37.40","37.70","37.70","37.25","368.45K","0.13%"
"11-07-2022","37.35","37.40","37.60","37.15","342.26K","0.00%"
"08-07-2022","37.35","37.60","37.60","37.25","340.65K","0.13%"
"07-07-2022","37.30","36.95","37.40","36.95","415.03K","1.22%"
"06-07-2022","36.85","37.25","37.25","36.50","404.47K","0.82%"
"05-07-2022","36.55","36.95","37.00","36.50","312.82K","-0.14%"
"04-07-2022","36.60","36.10","36.80","36.10","291.76K","1.53%"
"01-07-2022","36.05","35.95","36.20","35.80","190.00K","0.00%"
"30-06-2022","36.05","36.10","36.30","36.00","219.75K","0.14%"
"29-06-2022","36.00","36.20","36.20","35.90","323.89K","-0.96%"
"28-06-2022","36.35","36.30","36.45","35.90","301.17K","0.14%"
"27-06-2022","36.30","36.50","36.65","36.05","362.64K","0.28%"
"24-06-2022","36.20","35.95","36.30","35.80","339.08K","1.40%"
"23-06-2022","35.70","35.75","36.10","35.60","326.87K","0.42%"
"22-06-2022","35.55","36.15","36.15","35.35","286.76K","-1.39%"
"21-06-2022","36.05","35.90","36.40","35.45","372.29K","1.84%"
"20-06-2022","35.40","35.35","36.00","34.80","722.35K","0.14%"
"17-06-2022","35.35","36.05","36.15","35.20","928.62K","-2.35%"
"16-06-2022","36.20","37.60","38.00","35.55","883.88K","-3.60%"
"15-06-2022","37.55","37.60","37.70","37.25","311.11K","0.40%"
"14-06-2022","37.40","37.80","37.85","37.35","587.42K","-1.06%"
"13-06-2022","37.80","38.20","38.40","37.75","772.41K","-2.07%"
"10-06-2022","38.60","38.70","38.70","38.50","423.74K","-0.64%"
"09-06-2022","38.85","39.00","39.15","38.65","564.35K","-0.51%"
"08-06-2022","39.05","38.80","39.30","38.80","341.33K","0.39%"
"07-06-2022","38.90","39.10","39.30","38.80","605.06K","-0.38%"
"06-06-2022","39.05","39.80","39.80","38.70","492.82K","-1.26%"
"03-06-2022","39.55","40.60","40.65","39.50","932.30K","-1.86%"
"02-06-2022","40.30","40.55","40.75","40.25","607.28K","0.37%"
"01-06-2022","40.15","40.05","40.75","40.00","636.97K","0.25%"
"31-05-2022","40.05","40.15","40.25","39.90","412.54K","0.38%"
"30-05-2022","39.90","40.00","40.25","39.80","544.41K","1.40%"
"27-05-2022","39.35","39.30","39.60","39.00","424.71K","1.94%"
"26-05-2022","38.60","38.20","38.85","38.10","492.39K","-0.13%"
"25-05-2022","38.65","39.75","39.80","38.05","756.31K","-2.15%"
"24-05-2022","39.50","40.10","40.15","39.20","365.55K","-1.62%"
"23-05-2022","40.15","39.95","40.80","39.50","895.94K","1.39%"
"20-05-2022","39.60","39.50","39.80","39.40","434.71K","1.02%"
"19-05-2022","39.20","39.75","39.75","39.05","447.08K","-1.88%"
"18-05-2022","39.95","40.00","40.25","39.75","389.32K","0.38%"
"17-05-2022","39.80","39.50","39.95","39.00","473.74K","1.27%"
"16-05-2022","39.30","39.30","39.75","38.90","458.82K","0.00%"
"13-05-2022","39.30","39.00","39.60","38.90","668.76K","1.55%"
"12-05-2022","38.70","38.75","38.90","38.05","1.00M","-0.51%"
"11-05-2022","38.90","40.00","40.00","38.65","1.02M","-2.14%"
"10-05-2022","39.75","39.75","40.50","39.65","529.95K","0.13%"
"09-05-2022","39.70","40.25","40.25","39.15","947.16K","-0.87%"
"06-05-2022","40.05","40.20","40.35","39.65","975.70K","-1.35%"
"05-05-2022","40.60","40.80","41.10","40.50","385.83K","-0.37%"
"04-05-2022","40.75","41.40","41.45","40.50","629.44K","-1.33%"
"02-05-2022","41.30","41.05","41.50","40.85","404.29K","-0.12%"
"29-04-2022","41.35","41.95","42.00","41.20","417.04K","-0.84%"
"28-04-2022","41.70","42.15","42.15","41.50","422.69K","-0.36%"
"27-04-2022","41.85","42.10","42.30","41.60","441.60K","-0.95%"
"26-04-2022","42.25","42.90","42.95","42.00","699.74K","-0.71%"
"25-04-2022","42.55","43.10","43.10","42.35","719.58K","-1.73%"
"22-04-2022","43.30","43.15","43.80","43.05","560.09K","0.12%"
"21-04-2022","43.25","43.25","43.90","42.95","1.20M","0.23%"
"20-04-2022","43.15","42.95","43.45","42.45","860.76K","1.41%"
"19-04-2022","42.55","42.70","43.60","42.10","1.30M","0.24%"
"18-04-2022","42.45","42.85","43.15","42.25","928.51K","-1.28%"
"13-04-2022","43.00","43.40","43.50","42.95","647.26K","-0.35%"
"12-04-2022","43.15","43.40","43.45","42.35","1.38M","-0.69%"
"11-04-2022","43.45","43.35","44.15","43.10","1.53M","0.00%"
"08-04-2022","43.45","42.25","44.00","42.05","2.49M","4.20%"
"07-04-2022","41.70","42.40","43.10","41.60","1.71M","-0.95%"
"06-04-2022","42.10","42.30","42.40","41.40","1.17M","-0.24%"
"05-04-2022","42.20","41.25","42.40","41.20","1.91M","2.55%"
"04-04-2022","41.15","40.90","41.50","40.75","1.42M","1.60%"
"01-04-2022","40.50","39.80","40.75","39.80","1.77M","1.76%"
"31-03-2022","39.80","40.20","40.35","39.35","2.12M","-0.62%"
"30-03-2022","40.05","40.00","40.45","40.00","998.50K","0.25%"
"29-03-2022","39.95","40.30","40.70","39.85","1.59M","-0.87%"
"28-03-2022","40.30","41.20","41.20","40.10","1.38M","-1.83%"
"25-03-2022","41.05","41.80","41.80","40.95","930.61K","-0.97%"
"24-03-2022","41.45","41.25","41.85","41.00","1.08M","0.61%"
"23-03-2022","41.20","41.15","41.60","41.10","1.16M","0.24%"
"22-03-2022","41.10","41.20","41.20","40.85","687.04K","0.37%"
"21-03-2022","40.95","41.50","41.50","40.85","1.06M","-0.85%"
"17-03-2022","41.30","41.60","41.60","41.20","742.03K","0.24%"
"16-03-2022","41.20","41.60","41.60","41.10","591.07K","0.00%"
"15-03-2022","41.20","41.30","41.65","41.10","684.80K","-0.48%"
"14-03-2022","41.40","41.65","41.65","41.25","602.67K","-0.12%"
"11-03-2022","41.45","41.35","41.70","41.00","899.79K","0.24%"
"10-03-2022","41.35","41.25","41.70","41.15","987.48K","2.10%"
"09-03-2022","40.50","40.60","40.70","40.30","937.96K","0.62%"
"08-03-2022","40.25","39.70","40.40","39.55","968.91K","2.03%"
"07-03-2022","39.45","40.00","40.10","39.25","964.91K","-1.62%"
"04-03-2022","40.10","40.35","40.50","39.70","947.79K","-1.11%"
"03-03-2022","40.55","40.85","40.85","40.35","592.96K","0.12%"
"02-03-2022","40.50","40.35","40.60","39.85","950.63K","0.12%"
"28-02-2022","40.45","40.95","40.95","39.80","2.46M","0.87%"
"25-02-2022","40.10","39.45","40.50","39.35","2.05M","1.91%"
"24-02-2022","39.35","41.00","41.25","39.10","2.69M","-5.75%"
"23-02-2022","41.75","41.70","42.20","41.70","606.80K","0.24%"
"22-02-2022","41.65","41.55","42.05","41.55","1.07M","-2.12%"
"21-02-2022","42.55","42.30","42.70","42.05","778.09K","-0.93%"
"18-02-2022","42.95","43.10","43.20","42.80","853.86K","-0.46%"
"17-02-2022","43.15","43.45","43.55","43.05","575.36K","0.00%"
"16-02-2022","43.15","43.45","43.75","42.60","1.35M","0.23%"
"15-02-2022","43.05","43.75","44.00","42.60","2.02M","-1.26%"
"14-02-2022","43.60","44.80","44.80","43.00","1.44M","-2.68%"
"11-02-2022","44.80","44.80","45.15","44.75","912.09K","-0.67%"
"10-02-2022","45.10","45.00","45.50","44.80","946.59K","0.22%"
"09-02-2022","45.00","44.85","45.15","44.65","613.06K","0.78%"
"08-02-2022","44.65","45.00","45.30","44.20","1.14M","-0.56%"
"07-02-2022","44.90","45.15","45.45","44.75","895.30K","-0.44%"
"04-02-2022","45.10","45.65","45.65","45.00","870.62K","-0.77%"
"03-02-2022","45.45","46.00","46.10","45.35","781.53K","-0.87%"
"02-02-2022","45.85","45.40","45.95","45.20","991.31K","1.66%"
"01-02-2022","45.10","46.00","46.40","44.75","2.01M","-0.88%"
"31-01-2022","45.50","45.50","45.70","45.15","1.02M","1.00%"
"28-01-2022","45.05","44.90","45.45","44.60","1.19M","1.24%"
"27-01-2022","44.50","44.90","45.00","44.10","1.33M","-0.11%"
"25-01-2022","44.55","44.60","45.40","44.05","2.20M","-0.78%"
"24-01-2022","44.90","46.30","46.50","44.75","1.43M","-2.92%"
"21-01-2022","46.25","46.40","47.30","46.10","1.61M","-0.43%"
"20-01-2022","46.45","46.50","46.85","46.30","811.04K","0.11%"
"19-01-2022","46.40","46.85","46.85","46.10","969.77K","-0.64%"
"18-01-2022","46.70","48.00","48.15","46.45","1.45M","-2.10%"
"17-01-2022","47.70","47.40","48.15","47.10","2.50M","1.38%"
"14-01-2022","47.05","46.95","47.45","46.65","1.73M","1.07%"
"13-01-2022","46.55","46.65","46.85","46.30","947.42K","-0.21%"
"12-01-2022","46.65","46.90","47.10","46.30","1.20M","0.00%"
"11-01-2022","46.65","47.15","48.25","46.10","3.10M","-0.43%"
"10-01-2022","46.85","46.95","47.05","46.50","1.64M","1.30%"
"07-01-2022","46.25","46.50","46.85","46.10","1.75M","0.43%"
"06-01-2022","46.05","45.50","46.35","45.20","1.11M","0.33%"
"05-01-2022","45.90","46.45","46.45","45.80","1.02M","-0.97%"
"04-01-2022","46.35","45.35","46.80","45.35","3.72M","2.21%"
"03-01-2022","45.35","45.35","45.70","45.10","962.35K","0.44%"