Date,Price,Open,High,Low,Vol.,Change %
12-11-2023,153.7,155.0,155.45,153.05,1.85M,0.13%
04-04-2022,41.15,40.9,41.5,40.75,1.42M,1.60%
07-08-2024,274.45,270.3,276.4,261.55,10.56M,5.13%
26-08-2024,264.6,267.0,267.35,263.5,3.40M,-0.38%
01-08-2024,287.15,290.0,291.0,283.3,5.84M,-0.55%
04-01-2024,185.9,188.9,190.85,184.25,24.31M,-0.64%
24-07-2023,92.8,94.05,96.7,91.65,24.26M,-0.38%
06-11-2023,146.05,144.4,148.95,143.5,11.35M,2.60%
01-11-2022,44.1,44.5,45.25,43.9,2.78M,-0.34%
07-07-2023,82.05,83.0,83.7,81.6,6.28M,-1.44%
28-04-2023,74.3,74.0,75.45,73.15,22.76M,2.34%
16-01-2024,205.35,204.2,212.0,201.5,46.82M,1.43%
01-02-2023,57.7,61.8,62.4,56.3,13.39M,-4.31%
28-08-2024,264.45,263.5,266.45,263.15,3.34M,0.42%
16-06-2023,83.1,81.75,84.2,81.65,10.53M,2.15%
10-10-2024,220.56,223.2,223.97,219.5,2.33M,-0.96%
18-02-2022,42.95,43.1,43.2,42.8,853.86K,-0.46%
21-05-2024,289.75,275.85,301.45,272.45,47.42M,5.92%
25-07-2023,91.05,93.8,93.9,90.2,14.45M,-1.89%
06-05-2022,40.05,40.2,40.35,39.65,975.70K,-1.35%
23-01-2024,229.65,275.05,280.85,225.0,116.93M,-13.34%
10-10-2022,44.3,41.6,45.05,41.5,10.49M,5.35%
07-06-2024,250.9,250.0,253.9,245.75,10.99M,0.76%
05-06-2024,238.25,237.3,247.85,213.0,20.92M,0.40%
09-02-2024,222.35,232.0,234.9,216.8,19.75M,-2.71%
25-07-2024,280.7,290.0,290.85,280.0,13.36M,-4.00%
12-11-2024,197.9,202.75,204.35,197.0,2.57M,-1.29%
01-04-2024,227.2,221.7,228.0,220.55,7.62M,3.44%
03-10-2022,40.8,39.25,41.5,39.2,2.18M,3.29%
01-10-2024,225.16,228.55,228.8,224.81,2.40M,-1.22%
14-08-2024,262.05,268.2,269.15,259.65,5.37M,-2.29%
04-01-2022,46.35,45.35,46.8,45.35,3.72M,2.21%
02-05-2022,41.3,41.05,41.5,40.85,404.29K,-0.12%
04-11-2022,48.55,48.0,49.65,48.0,9.65M,1.89%
19-10-2022,41.7,42.45,42.55,41.55,935.22K,-1.30%
17-08-2023,103.2,104.9,106.7,102.1,8.65M,-0.43%
28-11-2022,61.7,61.4,63.95,60.6,29.64M,0.98%
30-12-2022,59.75,60.7,61.15,59.5,6.98M,-0.75%
25-05-2022,38.65,39.75,39.8,38.05,756.31K,-2.15%
06-08-2024,261.05,270.35,278.85,259.45,10.15M,-2.41%
22-12-2023,166.6,168.75,168.75,164.15,9.73M,-0.45%
31-01-2022,45.5,45.5,45.7,45.15,1.02M,1.00%
10-08-2022,38.95,40.05,40.6,38.75,2.15M,-1.14%
30-06-2022,36.05,36.1,36.3,36.0,219.75K,0.14%
10-09-2024,244.3,241.4,245.25,241.1,2.44M,1.58%
18-01-2024,204.05,209.5,211.7,192.95,34.55M,-2.06%
09-01-2023,61.2,59.05,61.95,58.8,10.32M,4.44%
15-03-2023,52.95,53.2,53.75,52.5,1.65M,0.19%
14-03-2024,208.5,179.1,213.65,175.25,38.70M,12.58%
11-07-2023,81.85,82.5,82.65,81.5,3.86M,-0.61%
28-06-2023,83.7,84.55,84.95,83.1,6.28M,-0.65%
02-08-2023,94.6,97.95,98.25,93.4,24.58M,-3.91%
07-06-2022,38.9,39.1,39.3,38.8,605.06K,-0.38%
14-02-2023,55.45,53.75,55.85,53.55,6.03M,3.74%
09-07-2024,312.6,330.05,336.7,303.2,37.09M,-4.39%
21-09-2023,135.9,140.0,140.8,134.85,8.96M,-2.62%
17-09-2024,231.75,240.5,240.6,231.0,4.65M,-3.42%
03-03-2022,40.55,40.85,40.85,40.35,592.96K,0.12%
02-03-2023,53.1,53.65,55.7,52.85,8.57M,-0.65%
27-06-2022,36.3,36.5,36.65,36.05,362.64K,0.28%
17-05-2024,267.1,262.2,269.8,259.1,25.16M,2.18%
04-09-2023,127.85,120.0,135.65,120.0,86.19M,7.71%
21-09-2022,40.8,42.1,42.1,40.6,1.46M,-1.81%
10-11-2023,153.5,154.5,156.65,151.7,8.66M,0.10%
31-03-2023,56.0,54.0,56.45,53.85,5.02M,4.67%
24-10-2024,202.33,202.5,204.7,199.08,4.03M,0.42%
10-02-2022,45.1,45.0,45.5,44.8,946.59K,0.22%
19-01-2022,46.4,46.85,46.85,46.1,969.77K,-0.64%
09-04-2024,230.05,233.8,234.85,228.15,5.62M,-1.08%
23-03-2022,41.2,41.15,41.6,41.1,1.16M,0.24%
01-06-2023,82.75,81.15,84.25,80.85,21.32M,1.97%
12-12-2023,162.2,164.35,165.8,161.25,17.09M,-0.67%
06-01-2022,46.05,45.5,46.35,45.2,1.11M,0.33%
14-06-2023,82.9,82.25,84.15,82.05,8.13M,1.34%
01-07-2022,36.05,35.95,36.2,35.8,190.00K,0.00%
17-03-2022,41.3,41.6,41.6,41.2,742.03K,0.24%
03-02-2022,45.45,46.0,46.1,45.35,781.53K,-0.87%
20-01-2022,46.45,46.5,46.85,46.3,811.04K,0.11%
07-04-2022,41.7,42.4,43.1,41.6,1.71M,-0.95%
20-01-2024,265.0,231.0,270.0,227.8,151.41M,16.33%
12-09-2023,150.95,170.0,174.45,144.2,92.14M,-5.86%
18-09-2023,143.1,146.45,147.45,142.5,9.17M,-1.92%
01-03-2023,53.45,51.7,53.95,51.7,3.58M,3.38%
17-07-2023,83.65,81.0,84.1,80.9,13.94M,4.11%
29-07-2024,299.1,277.4,302.4,277.2,31.43M,8.92%
05-08-2024,267.5,271.0,278.85,265.75,14.49M,-6.47%
25-01-2024,247.25,243.55,252.3,241.35,39.97M,2.49%
13-04-2023,58.6,58.2,59.75,57.8,3.98M,0.69%
05-12-2023,173.3,176.5,176.75,171.15,7.86M,-1.48%
03-07-2024,276.3,276.6,278.8,273.95,6.45M,0.40%
14-10-2024,222.34,226.8,228.2,221.61,3.29M,-1.72%
05-05-2023,86.95,82.8,88.8,82.55,51.50M,5.46%
18-12-2023,177.95,172.0,178.45,170.0,32.04M,3.52%
04-03-2024,225.3,229.4,229.45,224.35,4.45M,-1.40%
13-07-2022,37.4,37.25,37.75,37.25,422.64K,0.00%
28-02-2023,51.7,51.5,52.3,51.35,1.71M,-0.58%
29-11-2023,166.2,169.0,170.2,165.4,7.60M,-1.10%
09-09-2024,240.5,245.0,245.0,237.8,5.54M,-2.30%
11-10-2023,136.95,138.45,140.6,136.4,4.96M,-0.36%
19-05-2022,39.2,39.75,39.75,39.05,447.08K,-1.88%
04-10-2022,40.55,41.5,41.55,40.4,1.05M,-0.61%
21-06-2024,276.4,266.0,285.95,266.0,40.58M,3.52%
08-08-2024,269.95,275.0,283.5,268.2,14.67M,-1.64%
26-11-2024,197.59,197.99,198.68,195.11,3.04M,0.58%
21-04-2023,63.15,63.0,64.6,62.3,9.37M,0.80%
28-03-2024,219.65,224.45,224.95,213.5,8.71M,-1.28%
27-04-2023,72.6,70.4,78.3,69.3,77.07M,3.79%
05-08-2022,39.25,39.65,39.7,39.15,787.94K,-0.51%
07-01-2022,46.25,46.5,46.85,46.1,1.75M,0.43%
28-01-2022,45.05,44.9,45.45,44.6,1.19M,1.24%
22-06-2023,84.65,86.1,86.3,83.3,10.95M,-1.34%
29-12-2023,171.4,169.9,173.9,167.75,19.66M,1.30%
03-07-2023,83.55,83.95,84.55,83.2,4.80M,0.06%
02-05-2023,86.3,75.0,87.95,74.9,98.68M,16.15%
16-12-2022,61.15,61.9,62.5,59.2,10.64M,-1.85%
21-03-2022,40.95,41.5,41.5,40.85,1.06M,-0.85%
24-11-2023,166.0,166.0,168.6,164.15,9.84M,0.30%
14-11-2022,53.4,52.5,54.25,50.85,29.43M,7.01%
09-01-2024,181.4,180.7,185.4,179.4,14.32M,1.06%
25-04-2024,243.8,245.0,246.0,240.4,18.89M,0.97%
19-07-2024,316.1,309.0,329.5,304.65,35.55M,1.05%
15-04-2024,218.7,216.2,223.7,212.0,10.46M,-3.34%
27-07-2023,95.15,97.6,99.0,94.5,19.34M,-1.70%
03-08-2023,96.35,94.0,97.5,93.6,14.66M,1.85%
02-09-2024,256.85,262.0,263.2,255.5,4.50M,-1.63%
08-09-2022,41.9,42.1,42.4,41.85,879.62K,-0.95%
15-10-2024,222.07,223.5,224.7,221.0,2.48M,-0.12%
06-07-2022,36.85,37.25,37.25,36.5,404.47K,0.82%
20-08-2024,266.0,270.9,270.9,265.6,3.22M,-1.41%
08-02-2024,228.55,231.25,235.7,227.55,10.96M,-0.65%
24-09-2024,227.4,230.1,233.4,226.4,5.65M,-1.58%
19-08-2024,269.8,269.9,273.8,268.5,4.44M,1.12%
24-04-2023,67.75,65.0,69.65,64.05,49.18M,7.28%
07-07-2022,37.3,36.95,37.4,36.95,415.03K,1.22%
30-08-2022,40.85,40.75,41.25,40.5,1.19M,0.74%
15-05-2024,242.75,243.25,244.65,238.8,6.84M,0.17%
30-01-2023,57.85,56.7,58.7,56.4,5.12M,2.30%
19-12-2023,176.8,180.0,181.6,175.65,29.60M,-0.65%
04-08-2023,95.85,96.75,98.0,95.25,7.85M,-0.52%
12-10-2022,43.05,42.95,43.25,42.1,1.59M,0.94%
09-03-2023,54.8,55.25,56.35,54.55,4.49M,-0.72%
14-05-2024,242.35,225.6,243.8,225.5,16.36M,7.90%
03-11-2023,142.35,139.9,144.6,138.4,14.14M,2.63%
19-11-2024,188.77,186.0,194.27,185.64,5.77M,2.41%
05-01-2023,60.05,61.3,61.3,59.15,6.75M,-1.40%
